Timestamp,Emotion,Confidence
2025-02-08 19:13:15,fear,80.86426854133606
2025-02-08 19:13:16,happy,67.66888306551475
2025-02-08 19:13:16,fear,70.27034163475037
2025-02-08 19:13:16,angry,66.36943817138672
2025-02-08 19:13:17,happy,95.73532317491312
2025-02-08 19:13:17,angry,86.77400508236825
2025-02-08 19:13:17,happy,98.38305702108485
2025-02-08 19:13:20,angry,71.79626654364267
2025-02-08 19:13:20,fear,67.89552569389343
2025-02-08 19:13:20,angry,79.12379503250122
2025-02-08 19:13:20,happy,74.23557350211459
2025-02-08 19:13:20,fear,73.11439238615127
2025-02-08 19:13:21,happy,95.07209062576294
2025-02-08 19:13:22,fear,85.07450641089754
2025-02-08 19:13:23,happy,63.77197504043579
2025-02-08 19:13:24,fear,85.24300964134989
2025-02-08 19:13:24,happy,91.89321398735046
2025-02-08 19:13:25,sad,95.00105381011963
2025-02-08 19:13:25,fear,69.7867751121521
2025-02-08 19:13:25,sad,91.47336381356284
2025-02-08 19:13:29,angry,86.5003220141126
2025-02-08 19:13:29,sad,86.05004978776572
2025-02-08 19:13:29,happy,90.58490935474094
2025-02-08 19:13:30,sad,82.67613053321838
2025-02-08 19:13:30,fear,86.51841878890991
2025-02-08 19:13:30,sad,87.51165792415487
2025-02-08 19:13:30,fear,61.68296476399478
2025-02-08 19:13:30,sad,97.91337239225938
2025-02-08 19:13:31,angry,92.37104654312134
2025-02-08 19:13:31,sad,97.86433602996635
2025-02-08 19:13:32,fear,67.14422702789307
2025-02-08 19:13:32,angry,83.13203059053056
2025-02-08 19:13:33,happy,90.76365232467651
2025-02-08 19:13:33,fear,86.73718413557818
2025-02-08 19:13:34,angry,85.99919080734253
2025-02-08 19:13:34,fear,78.06053161621094
2025-02-08 19:13:34,happy,88.58344486853152
2025-02-08 19:13:35,sad,97.62083873872987
2025-02-08 19:13:35,angry,87.13315878711238
2025-02-08 19:13:35,fear,76.98483467102051
2025-02-08 19:13:35,sad,96.8825811533775
2025-02-08 19:13:35,fear,80.5698037147522
2025-02-08 19:13:36,happy,99.59275720076306
2025-02-08 19:13:36,fear,68.72708015007258
2025-02-08 19:13:36,happy,78.59811782836914
2025-02-08 19:13:37,sad,96.34540655287543
2025-02-08 19:13:37,fear,92.81501259624808
2025-02-08 19:13:37,angry,69.1285490989685
2025-02-08 19:13:37,happy,97.79329299926758
2025-02-08 19:13:38,sad,80.70157170295715
2025-02-08 19:13:38,neutral,63.27524185180664
2025-02-08 19:13:39,angry,61.956087467437236
2025-02-08 19:13:39,neutral,62.82394681262336
2025-02-08 19:13:40,happy,60.14929413795471
2025-02-08 19:13:40,fear,84.23725554498964
2025-02-08 19:13:41,happy,82.60538474353461
2025-02-08 19:13:41,sad,60.74398756027222
2025-02-08 19:13:41,neutral,69.05220974114057
2025-02-08 19:13:41,fear,65.63317775726318
2025-02-08 19:13:41,happy,78.86168360710144
2025-02-08 19:13:42,angry,82.6220154762268
2025-02-08 19:13:42,surprise,61.364332518835816
2025-02-08 19:13:43,angry,65.67403469526974
2025-02-08 19:13:43,neutral,92.30177998542786
2025-02-08 19:13:43,happy,72.6793023730156
2025-02-08 19:13:44,neutral,63.917189836502075
2025-02-08 19:13:44,fear,79.21274304389954
2025-02-08 19:13:45,neutral,61.02754473686218
2025-02-08 19:13:45,fear,93.33913922309875
2025-02-08 19:13:45,neutral,71.19280099868774
2025-02-08 19:13:45,angry,71.636005835057
2025-02-08 19:13:45,fear,67.60905771147517
2025-02-08 19:13:46,happy,79.77564214322818
2025-02-08 19:13:46,neutral,67.80428290367126
2025-02-08 19:13:46,fear,83.93141031265259
2025-02-08 19:13:46,neutral,68.86910014564396
2025-02-08 19:13:47,fear,98.73532056808472
2025-02-08 19:13:47,neutral,65.75392484664917
2025-02-08 19:13:48,sad,65.06905555725098
2025-02-08 19:13:48,happy,85.80078994040429
2025-02-08 19:13:48,sad,80.3335272868243
2025-02-08 19:13:49,neutral,63.03122043609619
2025-02-08 19:13:50,fear,75.54517388343811
2025-02-08 19:13:51,neutral,67.12483167648315
2025-02-08 19:13:52,angry,62.393871688477496
2025-02-08 19:13:52,happy,66.11367858133785
2025-02-08 19:13:53,angry,71.68548703193665
2025-02-08 19:13:53,sad,68.41493625462815
2025-02-08 19:13:56,neutral,62.87904535282199
2025-02-08 19:13:57,fear,81.48120420947124
2025-02-08 19:13:57,sad,71.82462811470032
2025-02-08 19:13:57,neutral,60.43736934661865
2025-02-08 19:13:58,sad,92.84050421956206
2025-02-08 19:13:58,neutral,75.55107924646612
2025-02-08 19:14:00,sad,64.66000080108643
2025-02-08 19:14:00,happy,99.72341659982007
2025-02-08 19:14:00,sad,83.82739424705505
2025-02-08 19:14:03,fear,70.36514105589039
2025-02-08 19:14:03,neutral,75.78839967112538
2025-02-08 19:14:03,sad,98.82943630218506
2025-02-08 19:14:04,fear,62.00788390683436
2025-02-08 19:14:04,sad,98.84188771247864
2025-02-08 19:14:04,fear,89.72541689872742
2025-02-08 19:14:05,neutral,97.34904750281855
2025-02-08 19:14:05,fear,93.91707109416379
2025-02-08 19:14:07,neutral,72.00049757957458
2025-02-08 19:14:07,fear,84.66127331987302
2025-02-08 19:14:08,neutral,89.668869972229
2025-02-08 19:14:08,fear,70.10731101036072
2025-02-08 19:14:08,neutral,76.78333520889282
2025-02-08 19:14:08,surprise,79.5950556284123
2025-02-08 19:14:09,fear,61.26254066675417
2025-02-08 19:14:09,surprise,71.20344467183618
2025-02-08 19:14:09,sad,62.9940927028656
2025-02-08 19:14:09,surprise,92.18949675559998
2025-02-08 19:14:09,fear,60.37471654264429
2025-02-08 19:14:10,sad,99.85370039067867
2025-02-08 19:14:10,fear,75.94786142992147
2025-02-08 19:14:10,sad,99.87046121778853
2025-02-08 19:14:11,fear,85.28989465772477
2025-02-08 19:14:11,sad,99.118173122406
2025-02-08 19:14:11,fear,85.0851058959961
2025-02-08 19:14:12,sad,98.97375702857971
2025-02-08 19:14:12,fear,76.91588264202372
2025-02-08 19:14:12,sad,63.15540075302124
2025-02-08 19:14:12,fear,81.69991970062256
2025-02-08 19:14:12,sad,80.72280287742615
2025-02-08 19:14:28,happy,68.46610903739929
2025-02-08 19:14:28,sad,91.89926482447805
2025-02-08 19:14:29,happy,84.21095609664917
2025-02-08 19:14:30,sad,96.00947499275208
2025-02-08 19:14:30,angry,77.94517611803724
2025-02-08 19:14:30,sad,97.01445138282163
2025-02-08 19:14:30,fear,65.12254476547241
2025-02-08 19:14:30,sad,96.29047490897625
2025-02-08 19:14:35,happy,99.7093915939331
2025-02-08 19:14:35,sad,97.49767184257507
2025-02-08 19:14:37,happy,72.147773036228
2025-02-08 19:14:37,fear,67.95569658279419
2025-02-08 19:14:38,happy,99.9979019165039
2025-02-08 19:14:38,sad,84.7931444644928
2025-02-08 19:14:39,happy,99.34777021408081
2025-02-08 19:14:39,sad,81.67131543159485
2025-02-08 19:14:39,happy,69.0605200456953
2025-02-08 19:14:39,sad,86.92833341022332
2025-02-08 19:14:39,angry,74.56350326538086
2025-02-08 19:14:39,happy,99.99682903289795
2025-02-08 19:14:40,sad,88.12211751937866
2025-02-08 19:14:40,happy,87.53963708877563
2025-02-08 19:14:40,sad,89.37734492095173
2025-02-08 19:14:40,happy,69.6567714214325
2025-02-08 19:14:40,sad,84.77005958557129
2025-02-08 19:14:40,happy,95.348060131073
2025-02-08 19:14:41,sad,76.30469799041748
2025-02-08 19:14:41,happy,74.59099888801575
2025-02-08 19:14:41,sad,74.67677442293015
2025-02-08 19:14:41,happy,60.825697232824396
2025-02-08 19:14:41,sad,87.93621063232422
2025-02-08 19:14:42,happy,99.99359846115112
2025-02-08 19:14:42,angry,60.197542882258546
2025-02-08 19:14:42,happy,79.24342751502991
2025-02-08 19:14:42,sad,89.32391810248818
2025-02-08 19:14:42,happy,90.62244296073914
2025-02-08 19:14:42,sad,88.85449303931081
2025-02-08 19:14:42,happy,98.1013773740159
2025-02-08 19:14:42,neutral,77.22153067588806
2025-02-08 19:14:42,sad,89.89666104316711
2025-02-08 19:14:43,happy,98.82541291865188
2025-02-08 19:14:43,sad,89.30984735488892
2025-02-08 19:14:43,happy,95.34977646766761
2025-02-08 19:14:43,sad,87.80244734258088
2025-02-08 19:14:43,happy,99.99333620071411
2025-02-08 19:14:43,sad,81.93803429603577
2025-02-08 19:14:44,happy,96.57875895500183
2025-02-08 19:14:44,sad,74.63146892973596
2025-02-08 19:14:45,happy,99.94112253189087
2025-02-08 19:14:45,angry,69.82244073286299
2025-02-08 19:14:45,fear,68.66611838340759
2025-02-08 19:14:46,angry,63.73874545097351
2025-02-08 19:14:46,happy,96.21517062187195
2025-02-08 19:14:46,sad,81.77918087119942
2025-02-08 19:14:47,happy,84.63420271873474
2025-02-08 19:14:47,sad,79.13127417154755
2025-02-08 19:14:47,happy,99.96018409491683
2025-02-08 19:14:47,sad,81.9175124168396
2025-02-08 19:14:47,happy,98.4897792339325
2025-02-08 19:14:56,sad,80.73877096176147
2025-02-08 19:14:56,happy,99.99699592590332
2025-02-08 19:14:56,sad,82.50476121902466
2025-02-08 19:14:56,happy,99.92020726203918
2025-02-08 19:14:56,sad,75.44192671775818
2025-02-08 19:14:57,happy,63.83887529373169
2025-02-08 19:14:57,fear,69.40028667449951
2025-02-08 19:14:57,sad,95.12079954147339
2025-02-08 19:14:58,happy,69.15894746780396
2025-02-08 19:14:58,sad,97.2609582828333
2025-02-08 19:15:00,fear,67.02009439468384
2025-02-08 19:15:00,neutral,77.13408929908807
2025-02-08 19:15:00,sad,99.08121228218079
2025-02-08 19:15:03,fear,97.08228146049005
2025-02-08 19:15:03,sad,80.29049634933472
2025-02-08 19:15:03,happy,88.69249224662781
2025-02-08 19:15:03,sad,92.5458550453186
2025-02-08 19:15:04,angry,89.21106393403196
2025-02-08 19:15:04,sad,92.06228852272034
2025-02-08 19:15:05,fear,77.45253443717957
2025-02-08 19:15:06,sad,95.66560957822857
2025-02-08 19:15:07,fear,86.55313689150059
2025-02-08 19:15:07,sad,94.67816948890686
2025-02-08 19:15:08,fear,65.59984478949575
2025-02-08 19:15:09,sad,95.99332785566615
2025-02-08 19:15:09,neutral,77.35753059387207
2025-02-08 19:15:09,fear,63.015703795468355
2025-02-08 19:15:09,sad,94.88971829414368
2025-02-08 19:15:09,happy,99.69484210014343
2025-02-08 19:15:10,sad,97.44893342865306
2025-02-08 19:15:10,happy,95.97075533518259
2025-02-08 19:15:10,sad,95.35127822772004
2025-02-08 19:15:10,fear,71.8993468224613
2025-02-08 19:15:10,sad,91.65694018089059
2025-02-08 19:15:11,happy,78.75588536262512
2025-02-08 19:15:11,sad,93.92137003882289
2025-02-08 19:15:11,fear,61.667054891586304
2025-02-08 19:15:11,sad,92.11880517714054
2025-02-08 19:15:12,fear,61.79735064506531
2025-02-08 19:15:12,happy,94.93139325754562
2025-02-08 19:15:12,sad,91.93191980098244
2025-02-08 19:15:31,fear,96.12047626024201
2025-02-08 19:15:31,sad,77.78488397598267
2025-02-08 19:15:32,fear,61.57229542732239
2025-02-08 19:15:33,sad,67.64138148077616
2025-02-08 19:15:35,happy,99.55652356147766
2025-02-08 19:15:35,sad,85.09927988052368
2025-02-08 19:15:36,surprise,99.8075008392334
2025-02-08 19:15:36,angry,88.29751541003677
2025-02-08 19:15:36,fear,91.35434134550793
2025-02-08 19:15:36,surprise,72.8952451285866
2025-02-08 19:15:36,fear,62.782112525827436
2025-02-08 19:15:37,surprise,72.34765291213989
2025-02-08 19:15:37,angry,94.26851272583008
2025-02-08 19:15:38,fear,93.36721222009804
2025-02-08 19:15:38,sad,93.94881093196933
2025-02-08 19:15:38,fear,97.08339554568502
2025-02-08 19:15:38,surprise,77.97132003136396
2025-02-08 19:15:39,fear,87.18909025192261
2025-02-08 19:15:39,happy,84.38460416977355
2025-02-08 19:15:40,surprise,76.93415559123092
2025-02-08 19:15:40,happy,98.74264001846313
2025-02-08 19:15:40,fear,93.36344003677368
2025-02-08 19:15:40,happy,98.85590672492981
2025-02-08 19:15:40,fear,92.12044430496957
2025-02-08 19:15:40,happy,99.75245597929288
2025-02-08 19:15:41,fear,70.06310224533081
2025-02-08 19:15:41,sad,62.35966233726291
2025-02-08 19:15:42,fear,76.11043453216553
2025-02-08 19:15:42,sad,89.4425643154902
2025-02-08 19:15:42,fear,95.660567800931
2025-02-08 19:15:42,happy,97.78925776481628
2025-02-08 19:15:42,fear,91.67626996949554
2025-02-08 19:15:43,angry,61.36970885811501
2025-02-08 19:15:43,happy,98.97202849388123
2025-02-08 19:15:44,sad,91.7045533657074
2025-02-08 19:15:44,happy,97.53260001734495
2025-02-08 19:15:44,fear,91.24503836094875
2025-02-08 19:15:44,surprise,71.63808345794678
2025-02-08 19:15:44,happy,60.453832149505615
2025-02-08 19:15:44,fear,73.5873075023523
2025-02-08 19:15:45,surprise,61.737728118896484
2025-02-08 19:15:45,fear,78.73428933228787
2025-02-08 19:15:45,happy,80.06411075974171
2025-02-08 19:15:45,fear,77.00134789927627
2025-02-08 19:15:45,happy,76.85800194740295
2025-02-08 19:15:45,neutral,70.93455791473389
2025-02-08 19:15:46,fear,96.8511877567284
2025-02-08 19:15:46,surprise,85.18120646476746
2025-02-08 19:15:46,fear,98.64329091568536
2025-02-08 19:15:49,neutral,90.08796215057373
2025-02-08 19:15:49,sad,62.057340145111084
2025-02-08 19:15:49,happy,99.6921181678772
2025-02-08 19:15:49,sad,71.94825410842896
2025-02-08 19:15:50,fear,63.278625206865385
2025-02-08 19:15:51,neutral,99.4091808795929
2025-02-08 19:15:51,sad,89.16848431009241
2025-02-08 19:15:53,neutral,66.34626388549805
2025-02-08 19:15:53,fear,70.48966884613037
2025-02-08 19:15:54,neutral,81.09894282215492
2025-02-08 19:15:54,sad,82.6158344745636
2025-02-08 19:15:54,fear,84.1690530877741
2025-02-08 19:15:54,neutral,97.44325280189514
2025-02-08 19:15:55,fear,74.14721846580505
2025-02-08 19:15:56,neutral,98.68937730789185
2025-02-08 19:15:56,sad,64.05463051144713
2025-02-08 19:15:56,fear,76.16161704063416
2025-02-08 19:15:56,neutral,96.50089740753174
2025-02-08 19:15:58,angry,90.77787399291992
2025-02-08 19:15:59,fear,69.74044677501283
2025-02-08 19:15:59,neutral,78.38217616081238
2025-02-08 19:15:59,fear,63.41166932443746
2025-02-08 19:16:02,neutral,89.87063886277213
2025-02-08 19:16:04,happy,99.053955078125
2025-02-08 19:16:04,neutral,98.26804389167094
2025-02-08 19:16:06,sad,62.29154242822781
2025-02-08 19:16:06,neutral,94.29599114704237
2025-02-08 19:16:07,happy,94.97979879379272
2025-02-08 19:16:07,neutral,71.64464254911454
2025-02-08 19:16:08,sad,80.34734725952148
2025-02-08 19:16:08,neutral,96.79929594989395
2025-02-08 19:16:08,sad,79.61130616732277
2025-02-08 19:16:09,fear,81.58681878965012
2025-02-08 19:16:09,neutral,93.0114209651947
2025-02-08 19:16:10,fear,72.87078499794006
2025-02-08 19:16:11,neutral,99.29724931716919
2025-02-08 19:16:11,fear,84.12322714148053
2025-02-08 19:16:12,neutral,98.82615208625793
2025-02-08 19:16:12,fear,69.76596117019653
2025-02-08 19:16:13,neutral,97.61733994587301
2025-02-08 19:16:13,fear,79.00382280349731
2025-02-08 19:16:13,happy,74.73355531692505
2025-02-08 19:16:14,neutral,98.84663820266724
2025-02-08 19:16:16,fear,81.20459318161011
2025-02-08 19:16:16,neutral,99.28140044212341
2025-02-08 19:16:17,fear,63.09031844139099
2025-02-08 19:16:17,surprise,80.14759780735943
2025-02-08 19:16:17,neutral,96.75046840304513
2025-02-08 19:16:18,fear,86.71438018765332
2025-02-08 19:16:18,neutral,99.40151579361965
2025-02-08 19:16:19,fear,71.06050080421572
2025-02-08 19:16:19,neutral,96.30215742004856
2025-02-08 19:16:19,angry,65.37906344186503
2025-02-08 19:16:20,neutral,97.97598743724973
2025-02-08 19:16:21,fear,64.14629220962524
2025-02-08 19:16:21,neutral,96.5255618095398
2025-02-08 19:16:24,angry,73.72280359268188
2025-02-08 19:16:24,neutral,95.33330202102661
2025-02-08 19:16:28,happy,85.20454168319702
2025-02-08 19:16:28,neutral,98.88768792152405
2025-02-08 19:16:34,angry,92.25834012031555
2025-02-08 19:16:34,neutral,99.583804557777
2025-02-08 19:16:34,fear,73.90092015266418
2025-02-08 19:16:34,neutral,96.93548679351807
2025-02-08 19:16:39,happy,70.32463550567627
2025-02-08 19:16:39,neutral,96.08235312489904
2025-02-08 19:16:40,angry,74.54322576522827
2025-02-08 19:16:40,neutral,91.21196866035461
2025-02-08 19:16:40,fear,68.70882511138916
2025-02-08 19:16:40,neutral,94.68620983876049
2025-02-08 19:16:47,fear,90.80042243003845
2025-02-08 19:16:47,neutral,90.53395986557007
2025-02-08 19:16:49,happy,63.68006251335517
2025-02-08 19:16:49,neutral,70.76941132545471
2025-02-08 19:16:51,happy,81.43207652186435
2025-02-08 19:16:52,neutral,86.52347922325134
2025-02-08 19:16:52,happy,77.1201491355896
2025-02-08 19:16:52,neutral,98.0348527431488
2025-02-08 19:16:53,happy,73.70388790415382
2025-02-08 19:16:53,neutral,99.25913210267616
2025-02-08 19:16:53,happy,61.09357476234436
2025-02-08 19:16:54,neutral,98.6081482639136
2025-02-08 19:16:54,happy,62.704068422317505
2025-02-08 19:16:54,fear,68.09616684913635
2025-02-08 19:16:54,sad,67.28099389558994
2025-02-08 19:16:54,happy,74.8292624950409
2025-02-08 19:16:55,neutral,97.27922661776701
2025-02-08 19:16:55,happy,73.18900663787166
2025-02-08 19:16:56,angry,73.55229258537292
2025-02-08 19:16:56,neutral,94.93716925008114
2025-02-08 19:16:56,happy,71.59785628318787
2025-02-08 19:16:57,neutral,84.86499190330505
2025-02-08 19:16:57,fear,61.629415944745055
2025-02-08 19:16:57,happy,73.01715934072026
2025-02-08 19:16:58,neutral,61.50468587875366
2025-02-08 19:16:58,happy,94.82923150062561
2025-02-08 19:16:59,neutral,61.372578144073486
2025-02-08 19:16:59,happy,94.7501540184021
2025-02-08 19:16:59,fear,93.81275177001953
2025-02-08 19:16:59,neutral,78.4498929977417
2025-02-08 19:17:00,happy,67.6781177520752
2025-02-08 19:17:00,neutral,66.19091033935547
2025-02-08 19:17:00,happy,97.0340371131897
2025-02-08 19:17:00,neutral,84.31099653244019
2025-02-08 19:17:01,happy,90.32233357429504
2025-02-08 19:17:01,neutral,84.30302739143372
2025-02-08 19:17:02,fear,76.7392130779282
2025-02-08 19:17:03,happy,66.50300621986389
2025-02-08 19:17:03,fear,64.90058302879333
2025-02-08 19:17:03,neutral,80.00674724619074
2025-02-08 19:17:03,fear,77.02532869728378
2025-02-08 19:17:03,neutral,81.50207996368408
2025-02-08 19:17:04,fear,82.87885393156363
2025-02-08 19:17:04,neutral,97.2588837146759
2025-02-08 19:17:04,fear,63.02690505981445
2025-02-08 19:17:04,neutral,96.83125615119934
2025-02-08 19:17:05,fear,87.85183429718018
2025-02-08 19:17:05,neutral,97.27315339170057
2025-02-08 19:17:05,fear,86.87481205909324
2025-02-08 19:17:05,angry,74.60090962653814
2025-02-08 19:17:05,surprise,62.86007608651208
2025-02-08 19:17:06,fear,79.37116499967367
2025-02-08 19:17:07,angry,68.08483385028435
2025-02-08 19:17:07,fear,65.37458896636963
2025-02-08 19:17:09,neutral,97.57856116167075
2025-02-08 19:17:09,fear,93.73701810836792
2025-02-08 19:17:09,neutral,92.14118216738913
2025-02-08 19:17:09,happy,86.75193190574646
2025-02-08 19:17:09,fear,85.944010502814
2025-02-08 19:17:12,neutral,78.35974564312373
2025-02-08 19:17:12,angry,66.19127988815308
2025-02-08 19:17:13,fear,83.31877192035056
2025-02-08 19:17:13,angry,69.33704431873824
2025-02-08 19:17:13,neutral,93.3070953671393
2025-02-08 19:17:14,angry,71.04322659454029
2025-02-08 19:17:14,neutral,92.86317229270935
2025-02-08 19:17:14,angry,99.4970799091959
2025-02-08 19:17:15,fear,62.119780526187355
2025-02-08 19:17:15,neutral,95.94969153404236
2025-02-08 19:17:16,happy,61.51540279388428
2025-02-08 19:17:16,angry,72.5099536764677
2025-02-08 19:17:17,neutral,94.3912923336029
2025-02-08 19:17:17,fear,89.38840564420256
2025-02-08 19:17:17,neutral,91.8843686580658
2025-02-08 19:17:25,surprise,63.947216507626564
2025-02-08 19:17:27,neutral,60.096389055252075
2025-02-08 19:17:27,surprise,62.03726530075073
2025-02-08 19:17:27,neutral,99.14104352700191
2025-02-08 19:17:27,surprise,66.97465777397156
2025-02-08 19:17:28,neutral,99.16055793527114
2025-02-08 19:17:31,surprise,87.85870598904526
2025-02-08 19:17:31,neutral,95.73608611441172
2025-02-08 19:17:31,surprise,64.9346649646759
2025-02-08 19:17:31,neutral,66.46145582199097
2025-02-08 19:17:35,fear,63.415399993383886
2025-02-08 19:17:35,surprise,63.82726430892944
2025-02-08 19:17:35,neutral,87.21308708190918
2025-02-08 19:17:35,fear,67.47462555614862
2025-02-08 19:17:36,angry,94.46479744138747
2025-02-08 19:17:36,fear,65.82872663907567
2025-02-08 19:17:36,neutral,96.1701512336731
2025-02-08 19:17:36,fear,69.41768295554125
2025-02-08 19:17:37,surprise,66.92772305873358
2025-02-08 19:17:38,fear,83.58079693202954
2025-02-08 19:17:39,surprise,80.96070772175239
2025-02-08 19:17:39,fear,60.72942018508911
2025-02-08 19:17:39,surprise,69.23712491989136
2025-02-08 19:17:39,angry,67.2278344631195
2025-02-08 19:17:40,happy,64.31870247833147
2025-02-08 19:17:41,angry,72.14124632723608
2025-02-08 19:17:42,fear,70.3970348361689
2025-02-08 19:17:44,sad,61.378197505688966
2025-02-08 19:17:45,angry,85.68975329399109
2025-02-08 19:17:45,fear,78.74778762486129
2025-02-08 19:17:46,happy,64.49857354164124
2025-02-08 19:17:46,sad,78.57404947280884
2025-02-08 19:17:46,happy,72.10712862653307
2025-02-08 19:17:46,fear,74.33580160140991
2025-02-08 19:17:48,angry,82.26284875052266
2025-02-08 19:17:48,neutral,62.23801374435425
2025-02-08 19:17:48,fear,63.76677587428381
2025-02-08 19:17:49,angry,77.72103415256942
2025-02-08 19:17:49,fear,73.41751773148563
2025-02-08 19:17:49,neutral,98.71853582373475
2025-02-08 19:17:50,angry,61.27464175224304
2025-02-08 19:17:50,fear,69.29334998130798
2025-02-08 19:17:51,angry,94.41317286569911
2025-02-08 19:17:51,fear,77.66294809138157
2025-02-08 19:17:52,angry,96.12997747242316
2025-02-08 19:17:52,fear,71.10669957319503
2025-02-08 19:17:53,angry,61.01396447503355
2025-02-08 19:17:53,fear,93.79405379295349
2025-02-08 19:17:54,neutral,99.7656166413794
2025-02-08 19:17:54,fear,73.66242251768246
2025-02-08 19:17:55,neutral,99.87779261138527
2025-02-08 19:17:55,fear,95.9989607334137
2025-02-08 19:17:57,neutral,88.52938413619995
2025-02-08 19:17:58,fear,61.42665880044208
2025-02-08 19:17:59,angry,85.17647297242122
2025-02-08 19:17:59,fear,89.65521454811096
2025-02-08 19:18:03,neutral,99.7766375541687
2025-02-08 19:18:03,angry,86.56752545446462
2025-02-08 19:18:03,neutral,99.66201184165548
2025-02-08 19:18:05,fear,79.00711297988892
2025-02-08 19:18:05,angry,64.87661600112915
2025-02-08 19:18:06,fear,96.52001857757568
2025-02-08 19:18:06,angry,70.70203423500061
2025-02-08 19:18:06,fear,61.70643707590545
2025-02-08 19:18:06,neutral,99.76153373718262
2025-02-08 19:18:06,fear,72.56630928114764
2025-02-08 19:18:06,neutral,99.84065293315965
2025-02-08 19:18:07,angry,64.61406139219173
2025-02-08 19:18:07,fear,81.33981005427957
2025-02-08 19:18:07,neutral,99.79438780512737
2025-02-08 19:18:07,fear,77.29740142822266
2025-02-08 19:18:08,neutral,99.75325463731615
2025-02-08 19:18:08,fear,66.34015440940857
2025-02-08 19:18:10,surprise,70.05955337768157
2025-02-08 19:18:10,neutral,94.36153173446655
2025-02-08 19:18:12,surprise,62.26764175085524
2025-02-08 19:18:12,angry,94.58227753639221
2025-02-08 19:18:12,fear,63.05387616157532
2025-02-08 19:18:13,angry,63.02412903596509
2025-02-08 19:18:13,fear,60.05677938799735
2025-02-08 19:18:13,angry,71.6760516166687
2025-02-08 19:18:14,fear,67.85317659378052
2025-02-08 19:18:14,disgust,61.92411184310913
2025-02-08 19:18:14,fear,67.10449457168579
2025-02-08 19:18:17,angry,95.31831713428004
2025-02-08 19:18:17,fear,82.46481910138245
2025-02-08 19:18:18,angry,97.18072414398193
2025-02-08 19:18:18,fear,66.92551576203296
2025-02-08 19:18:19,angry,89.89639282226562
2025-02-08 19:18:19,fear,78.13508771239665
2025-02-08 19:18:20,neutral,88.74370388649129
2025-02-08 19:18:23,fear,62.38524317741394
2025-02-08 19:18:23,neutral,77.26594805717468
2025-02-08 19:18:25,happy,94.8826551437378
2025-02-08 19:18:25,neutral,80.21476746885583
2025-02-08 19:18:26,happy,62.534791231155396
2025-02-08 19:18:26,neutral,66.87801681494913
2025-02-08 19:18:27,sad,67.02949201709127
2025-02-08 19:18:27,neutral,91.55307512842714
2025-02-08 19:18:29,sad,68.38528137031571
2025-02-08 19:18:30,neutral,74.57033244194582
2025-02-08 19:18:31,happy,63.85661959648132
2025-02-08 19:18:31,fear,81.17794394493103
2025-02-08 19:18:33,neutral,66.70657992362976
2025-02-08 19:18:34,fear,68.10418367385864
2025-02-08 19:18:34,neutral,81.8111858593004
2025-02-08 19:18:34,fear,80.37569522857666
2025-02-08 19:18:34,neutral,82.25268721580505
2025-02-08 19:18:38,fear,67.67699718475342
2025-02-08 19:18:39,neutral,91.22928328688641
2025-02-08 19:18:41,happy,98.49720597267151
2025-02-08 19:18:45,fear,62.621867656707764
2025-02-08 19:18:45,happy,90.5216449810055
2025-02-08 19:18:46,fear,64.660362283013
2025-02-08 19:18:46,happy,78.2897459441272
2025-02-08 19:18:46,fear,80.97808957099915
2025-02-08 19:18:46,neutral,69.94362473487854
2025-02-08 19:18:47,fear,61.7376983165741
2025-02-08 19:18:48,angry,80.96932768821716
2025-02-08 19:18:48,surprise,71.52647632676081
2025-02-08 19:18:48,angry,67.05081855644958
2025-02-08 19:18:48,surprise,71.07318388543321
2025-02-08 19:18:49,happy,60.289740562438965
2025-02-08 19:18:50,angry,69.55480575561523
2025-02-08 19:18:53,fear,80.74372640326901
2025-02-08 19:18:54,neutral,62.5593900680542
2025-02-08 19:18:54,fear,65.40125012397766
2025-02-08 19:18:55,angry,98.73139850684396
2025-02-08 19:18:56,fear,62.291133403778076
2025-02-08 19:18:56,neutral,88.94370132349141
2025-02-08 19:18:57,angry,60.43633222579956
2025-02-08 19:18:57,neutral,89.63044881820679
2025-02-08 19:18:57,disgust,77.03220248222351
2025-02-08 19:18:57,neutral,93.54025721549988
2025-02-08 19:18:57,angry,74.95102733081742
2025-02-08 19:18:58,neutral,95.18647165217827
2025-02-08 19:18:58,angry,79.78388667106628
2025-02-08 19:18:58,neutral,84.23966765403748
2025-02-08 19:18:59,disgust,91.83151721954346
2025-02-08 19:18:59,neutral,81.78566694259644
2025-02-08 19:19:00,fear,68.33367347717285
2025-02-08 19:19:00,neutral,79.18888330459595
2025-02-08 19:19:00,fear,60.96296775782493
2025-02-08 19:19:01,neutral,99.73947998755932
2025-02-08 19:19:01,happy,73.82552339726408
2025-02-08 19:19:01,neutral,99.17885670913974
2025-02-08 19:19:02,fear,81.48338684340636
2025-02-08 19:19:02,neutral,99.31122660636902
2025-02-08 19:19:02,fear,66.52255454793898
2025-02-08 19:19:02,neutral,99.44024682044983
2025-02-08 19:19:02,fear,91.40561819076538
2025-02-08 19:19:02,neutral,99.7746467456011
2025-02-08 19:19:02,fear,96.5414110968815
2025-02-08 19:19:03,neutral,99.08533692359924
2025-02-08 19:19:03,fear,95.79820011843444
2025-02-08 19:19:04,neutral,98.93890023231506
2025-02-08 19:19:04,angry,80.51916244740262
2025-02-08 19:19:04,fear,66.84039831161499
2025-02-08 19:19:04,neutral,91.87355041503906
2025-02-08 19:19:04,fear,77.53502994358183
2025-02-08 19:19:04,neutral,77.60486006736755
2025-02-08 19:19:05,fear,71.6101391083085
2025-02-08 19:19:06,surprise,82.09472894668579
2025-02-08 19:19:06,neutral,99.24539323123653
2025-02-08 19:19:06,fear,79.96198534965515
2025-02-08 19:19:07,surprise,69.1637635231018
2025-02-08 19:19:07,fear,91.69979194405175
2025-02-08 19:19:08,neutral,96.98237812729143
2025-02-08 19:19:10,happy,65.37422354528623
2025-02-08 19:19:11,fear,78.74547585791062
2025-02-08 19:19:11,neutral,98.86866807937622
2025-02-08 19:19:11,fear,74.80606737064512
2025-02-08 19:19:11,neutral,98.3003318309784
2025-02-08 19:19:11,fear,88.61791491508484
2025-02-08 19:19:12,neutral,98.12517166137695
2025-02-08 19:19:12,fear,69.95404421461419
2025-02-08 19:19:12,neutral,97.622937247403
2025-02-08 19:19:12,surprise,79.63769435882568
2025-02-08 19:19:13,fear,61.151641607284546
2025-02-08 19:19:13,surprise,82.04007744789124
2025-02-08 19:19:13,fear,80.60895800590515
2025-02-08 19:19:14,neutral,97.70985245704651
2025-02-08 19:19:14,fear,88.25107356893139
2025-02-08 19:19:15,neutral,93.25254519298942
2025-02-08 19:19:15,angry,72.74384227468464
2025-02-08 19:19:15,happy,98.77311587333679
2025-02-08 19:19:16,neutral,74.37071800231934
2025-02-08 19:19:16,happy,86.6790771484375
2025-02-08 19:19:17,fear,62.8413200378418
2025-02-08 19:19:17,happy,89.13125525340375
2025-02-08 19:19:17,angry,86.71902418136597
2025-02-08 19:19:17,neutral,97.0813158653598
2025-02-08 19:19:17,happy,92.30310916900635
2025-02-08 19:19:18,neutral,96.65921926498413
2025-02-08 19:19:20,fear,65.16530513763428
2025-02-08 19:19:20,neutral,98.59237687678613
2025-02-08 19:19:22,sad,64.51832440604713
2025-02-08 19:19:23,neutral,97.07775115966797
2025-02-08 19:19:26,angry,63.789746987208545
2025-02-08 19:19:26,neutral,96.17118881092205
2025-02-08 19:19:26,angry,98.45851650586823
2025-02-08 19:19:27,fear,87.16953320321639
2025-02-08 19:19:27,neutral,83.29166173934937
2025-02-08 19:19:28,angry,68.39986066816576
2025-02-08 19:19:28,neutral,99.23386573791504
2025-02-08 19:19:28,angry,94.74390149116516
2025-02-08 19:19:28,neutral,97.8686273097992
2025-02-08 19:19:29,angry,74.19897317886353
2025-02-08 19:19:29,neutral,97.42367267608643
2025-02-08 19:19:29,angry,97.26392659378926
2025-02-08 19:19:29,neutral,96.03567719459534
2025-02-08 19:19:30,angry,99.5024025440216
2025-02-08 19:19:30,neutral,94.1822760322423
2025-02-08 19:19:37,angry,82.34273686067682
2025-02-08 19:19:37,neutral,94.99057531356812
2025-02-08 19:19:55,fear,84.65263247489929
2025-02-08 19:19:55,angry,61.02927094872421
2025-02-08 19:19:55,neutral,99.54696294945258
2025-02-08 19:20:05,fear,92.49786138534546
2025-02-08 19:20:05,neutral,71.93604540443691
2025-02-08 19:20:05,fear,99.40904974937439
2025-02-08 19:20:06,neutral,95.8444595336914
2025-02-08 19:20:07,fear,64.83658938625987
2025-02-08 19:20:07,neutral,94.43567362044297
2025-02-08 19:20:08,fear,72.80697550690466
2025-02-08 19:20:08,neutral,94.7569489479065
2025-02-08 19:20:10,fear,66.02701342266879
2025-02-08 19:20:10,neutral,73.29386195017553
2025-02-08 19:20:10,angry,97.36206515801341
2025-02-08 19:20:10,fear,73.7755835056305
2025-02-08 19:20:11,neutral,66.05117512359323
2025-02-08 19:20:14,happy,63.242560625076294
2025-02-08 19:20:14,fear,95.58317038912597
2025-02-08 19:20:14,neutral,87.38002181053162
2025-02-08 19:20:15,happy,65.77431355561694
2025-02-08 19:20:15,neutral,87.89786100387573
2025-02-08 19:20:17,surprise,61.037586803723954
2025-02-08 19:20:17,angry,92.11109829611172
2025-02-08 19:20:17,neutral,96.08038640501418
2025-02-08 19:20:18,surprise,62.766194343566895
2025-02-08 19:20:19,neutral,95.97880244255066
2025-02-08 19:20:19,angry,98.63958358764648
2025-02-08 19:20:19,fear,76.89228057861328
2025-02-08 19:20:19,angry,95.07486732152712
2025-02-08 19:20:19,fear,66.09532428924135
2025-02-08 19:20:20,angry,70.49987140297124
2025-02-08 19:20:20,fear,75.9933352470398
2025-02-08 19:20:22,angry,89.24204111099243
2025-02-08 19:20:22,fear,96.24214768409729
2025-02-08 19:20:23,angry,78.82954225892333
2025-02-08 19:20:23,fear,85.73115638123079
2025-02-08 19:20:24,neutral,99.57044720649719
2025-02-08 19:20:24,fear,82.08354711532593
2025-02-08 19:20:24,surprise,90.33548351103263
2025-02-08 19:20:24,neutral,97.12047576904297
2025-02-08 19:20:24,surprise,72.29962348937988
2025-02-08 19:20:24,fear,80.20297524893579
2025-02-08 19:20:25,neutral,99.24328918715055
2025-02-08 19:20:27,surprise,80.55194616317749
2025-02-08 19:20:27,fear,78.82018089294434
2025-02-08 19:20:28,neutral,99.7338593006134
2025-02-08 19:20:28,fear,91.27026744307682
2025-02-08 19:20:28,neutral,99.69771502600402
2025-02-08 19:20:28,fear,70.50737142562866
2025-02-08 19:20:28,neutral,99.70679882683768
2025-02-08 19:20:28,fear,91.6215181350708
2025-02-08 19:20:28,neutral,99.73408582996299
2025-02-08 19:20:29,fear,83.6305558681488
2025-02-08 19:20:29,neutral,99.60934519767761
2025-02-08 19:20:34,happy,76.58809879947297
2025-02-08 19:20:34,neutral,99.70062969330726
2025-02-08 19:20:39,fear,80.39574027061462
2025-02-08 19:20:39,neutral,99.16749596595764
2025-02-08 19:20:40,fear,69.00637745857239
2025-02-08 19:20:40,neutral,98.86237382888794
2025-02-08 19:20:40,fear,96.67218864062822
2025-02-08 19:20:41,neutral,99.7562050819397
2025-02-08 19:20:41,fear,73.83071184158325
2025-02-08 19:20:41,neutral,60.08208394050598
2025-02-08 19:20:41,fear,82.25853443145752
2025-02-08 19:20:41,neutral,99.56771731376648
2025-02-08 19:20:44,angry,83.1884672158043
2025-02-08 19:20:44,fear,78.83981718542371
2025-02-08 19:20:45,neutral,90.61468355480629
2025-02-08 19:20:46,surprise,88.50647348088343
2025-02-08 19:20:46,neutral,98.25562238693237
2025-02-08 19:20:47,surprise,80.60064200166714
2025-02-08 19:20:47,neutral,94.05621183923695
2025-02-08 19:20:48,sad,71.65108323097229
2025-02-08 19:20:48,neutral,60.48426032066345
2025-02-08 19:20:49,angry,65.53412079811096
2025-02-08 19:20:49,neutral,83.7583065032959
2025-02-08 19:20:51,angry,70.11880634798928
2025-02-08 19:20:51,neutral,96.05500149071199
2025-02-08 19:20:52,angry,72.69989848136902
2025-02-08 19:20:52,surprise,71.95239401431155
2025-02-08 19:20:52,angry,65.89954888221912
2025-02-08 19:20:53,fear,62.50725537625019
2025-02-08 19:20:53,angry,67.44373648688035
2025-02-08 19:21:11,neutral,93.47493648529053
2025-02-08 19:21:11,angry,80.89842796325684
2025-02-08 19:21:12,neutral,78.2831609249115
2025-02-08 19:21:12,angry,82.84072279930115
2025-02-08 19:21:13,neutral,89.01090156902056
2025-02-08 19:21:14,angry,95.7759439945221
2025-02-08 19:21:15,neutral,89.40073847770691
2025-02-08 19:21:16,surprise,81.44520896020042
2025-02-08 19:21:16,neutral,64.08805251121521
2025-02-08 19:21:17,surprise,86.81328296661377
2025-02-08 19:21:17,neutral,85.18417985345005
2025-02-08 19:21:17,surprise,88.68535161018372
2025-02-08 19:21:17,neutral,94.97650831797769
2025-02-08 19:21:18,surprise,73.62757167980502
2025-02-08 19:21:18,angry,65.48394972277286
2025-02-08 19:21:19,neutral,73.5189525507632
2025-02-08 19:21:19,angry,89.72168687323489
2025-02-08 19:21:20,neutral,78.27560305595398
2025-02-08 19:21:21,angry,71.74480985074102
2025-02-08 19:21:21,neutral,60.22756099700928
2025-02-08 19:21:22,angry,84.49121898517382
2025-02-08 19:21:22,neutral,61.120571031638505
2025-02-08 19:21:22,angry,86.61195795393492
2025-02-08 19:21:23,surprise,82.08174109458923
2025-02-08 19:21:23,angry,73.3276903629303
2025-02-08 19:21:23,neutral,69.32433247566223
2025-02-08 19:21:24,angry,63.753254861027585
2025-02-08 19:21:24,neutral,81.39107823371887
2025-02-08 19:21:25,angry,60.23432490416468
2025-02-08 19:21:25,surprise,84.958653745571
2025-02-08 19:21:26,neutral,76.62338475128321
2025-02-08 19:21:26,angry,70.95218896865845
2025-02-08 19:21:27,neutral,84.70250964164734
2025-02-08 19:21:28,surprise,93.70924830436707
2025-02-08 19:21:28,neutral,88.46478393463993
2025-02-08 19:21:29,surprise,87.17865867487542
2025-02-08 19:21:30,neutral,77.9499351978302
2025-02-08 19:21:31,angry,74.82304573059082
2025-02-08 19:21:31,neutral,61.473680910310854
2025-02-08 19:21:32,angry,64.05457854270935
2025-02-08 19:21:32,neutral,83.54074555149728
2025-02-08 19:21:36,happy,60.77225675913611
2025-02-08 19:21:36,sad,66.67115688323975
2025-02-08 19:21:37,neutral,93.93323732218298
2025-02-08 19:21:37,surprise,65.79887067072812
2025-02-08 19:21:37,neutral,75.8909523487091
2025-02-08 19:21:38,angry,68.72307062149048
2025-02-08 19:21:38,neutral,99.722820520401
2025-02-08 19:21:38,sad,98.21837533821913
2025-02-08 19:21:40,neutral,71.69175148010254
2025-02-08 19:21:40,sad,87.48751282691956
2025-02-08 19:21:40,neutral,98.7149715423584
2025-02-08 19:22:01,angry,72.9693591594696
2025-02-08 19:22:01,surprise,99.09051060676575
2025-02-08 19:22:02,neutral,95.02000212669373
2025-02-08 19:22:02,surprise,84.17819738388062
2025-02-08 19:22:02,neutral,88.17590019990203
2025-02-08 19:22:04,sad,80.54940700531006
2025-02-08 19:22:04,neutral,98.473834809522
2025-02-08 19:22:05,angry,86.728835105896
2025-02-08 19:22:05,neutral,98.52372399113918
2025-02-08 19:22:05,angry,99.12591586996128
2025-02-08 19:22:05,neutral,75.30520256695716
2025-02-08 19:22:07,surprise,84.43403747284636
2025-02-08 19:22:07,neutral,98.55695366859436
2025-02-08 19:22:08,angry,81.24772310256958
2025-02-08 19:22:09,neutral,85.86077009801686
2025-02-08 19:22:09,angry,75.58020949363708
2025-02-08 19:22:10,disgust,63.274721102399894
2025-02-08 19:22:10,angry,96.12478613853455
2025-02-08 19:22:12,neutral,83.79366897306853
2025-02-08 19:22:12,angry,97.7946400642395
2025-02-08 19:22:12,surprise,75.56048035621643
2025-02-08 19:22:12,angry,95.67119479179382
2025-02-08 19:22:13,neutral,83.06468725204468
2025-02-08 19:22:13,angry,72.33425809945214
2025-02-08 19:22:13,surprise,83.05321931838989
2025-02-08 19:22:13,neutral,64.63129309602338
2025-02-08 19:22:13,angry,76.86838187356211
2025-02-08 19:22:14,surprise,74.19760227203369
2025-02-08 19:22:14,neutral,76.11871361732483
2025-02-08 19:22:14,angry,71.81431483115642
2025-02-08 19:22:15,disgust,70.34873719826493
2025-02-08 19:22:15,neutral,77.98128128051758
2025-02-08 19:22:15,angry,94.62178413608264
2025-02-08 19:22:16,neutral,93.09352595171487
2025-02-08 19:22:19,angry,99.10849939483411
2025-02-08 19:22:20,neutral,67.36071912774075
2025-02-08 19:22:20,angry,73.41016847966092
2025-02-08 19:22:20,neutral,94.9384868144989
2025-02-08 19:22:20,angry,97.84316446266598
2025-02-08 19:22:20,neutral,97.82016303298914
2025-02-08 19:22:21,angry,97.09210991859436
2025-02-08 19:22:22,neutral,93.79999041557312
2025-02-08 19:22:23,sad,72.72728085517883
2025-02-08 19:22:23,neutral,72.85627126693726
2025-02-08 19:22:25,angry,63.36365342140198
2025-02-08 19:22:25,neutral,76.01272916869695
2025-02-08 19:22:28,sad,61.18814945220947
2025-02-08 19:22:29,neutral,60.98324423928524
2025-02-08 19:22:32,angry,65.87918793435024
2025-02-08 19:22:32,neutral,78.74945744865626
2025-02-08 19:22:32,surprise,86.9253985241293
2025-02-08 19:22:33,neutral,80.86028695106506
2025-02-08 19:22:35,surprise,98.21470379829407
2025-02-08 19:22:35,neutral,98.4491648138565
2025-02-08 19:22:48,sad,78.87899279594421
2025-02-08 19:22:48,neutral,64.06631469726562
2025-02-08 19:22:48,happy,68.53108814544011
2025-02-08 19:22:48,neutral,96.64312601089478
2025-02-08 19:22:49,angry,90.89805592321683
2025-02-08 19:22:49,neutral,93.98243499011576
2025-02-08 19:22:49,happy,99.89600777006196
2025-02-08 19:22:49,sad,61.23000152289877
2025-02-08 19:22:49,neutral,98.45374822616577
2025-02-08 19:22:55,sad,71.31622433662415
2025-02-08 19:22:55,neutral,60.68040132522583
2025-02-08 19:22:57,sad,84.65299606323242
2025-02-08 19:22:57,neutral,99.62742328643799
2025-02-08 19:22:58,sad,69.56989765167236
2025-02-08 19:22:58,neutral,60.81433658685306
2025-02-08 19:22:59,sad,71.11420379707768
2025-02-08 19:22:59,neutral,99.60334298630613
2025-02-08 19:22:59,sad,74.02666652361552
2025-02-08 19:22:59,neutral,99.18308854103088
2025-02-08 19:23:04,sad,60.42841548580939
2025-02-08 19:23:04,neutral,98.8428293279206
2025-02-08 19:23:04,sad,61.138421297073364
2025-02-08 19:23:04,neutral,98.8566814490177
2025-02-08 19:23:08,sad,60.59346921366086
2025-02-08 19:23:08,neutral,99.28676481764107
2025-02-08 19:23:09,sad,61.964839696884155
2025-02-08 19:23:09,neutral,98.86493669330319
2025-02-08 19:23:09,sad,62.767664359072704
2025-02-08 19:23:10,neutral,98.19116592407227
2025-02-08 19:23:10,sad,75.86227655410767
2025-02-08 19:23:10,neutral,98.47995042800903
2025-02-08 19:23:10,sad,69.3633061267916
2025-02-08 19:23:10,neutral,74.5572597316194
2025-02-08 19:23:11,sad,60.72330006638766
2025-02-08 19:23:11,neutral,98.85858907001149
2025-02-08 19:23:12,happy,99.87999200820923
2025-02-08 19:23:12,neutral,99.1398811340332
2025-02-08 19:23:13,happy,99.72956779842761
2025-02-08 19:23:13,neutral,99.45472478866577
2025-02-08 19:23:13,happy,99.91998672008435
2025-02-08 19:23:13,neutral,98.87902736663818
2025-02-08 19:23:13,happy,99.97556805610657
2025-02-08 19:23:14,neutral,99.18758258597539
2025-02-08 19:23:14,happy,99.92191792465235
2025-02-08 19:23:14,neutral,99.04234409332275
2025-02-08 19:23:14,happy,99.75109100341797
2025-02-08 19:23:14,neutral,98.85883344902594
2025-02-08 19:23:14,happy,99.48180317878723
2025-02-08 19:23:14,neutral,99.42448735237122
2025-02-08 19:23:15,happy,99.87654687445797
2025-02-08 19:23:15,neutral,99.24262762069702
2025-02-08 19:23:15,happy,99.43260550498962
2025-02-08 19:23:15,neutral,99.4532585144043
2025-02-08 19:23:15,happy,99.69306591831852
2025-02-08 19:23:15,neutral,99.2173015604795
2025-02-08 19:23:15,happy,99.84737038612366
2025-02-08 19:23:16,neutral,98.64333263893919
2025-02-08 19:23:16,happy,97.21618278123037
2025-02-08 19:23:16,neutral,98.91844987869263
2025-02-08 19:23:16,happy,98.6924409866333
2025-02-08 19:23:16,neutral,99.24011221410181
2025-02-08 19:23:18,happy,94.81738178833615
2025-02-08 19:23:18,neutral,99.02114272117615
2025-02-08 19:23:32,happy,61.76440715789795
2025-02-08 19:23:32,neutral,99.51440101690281
2025-02-08 19:23:36,happy,99.85936284065247
2025-02-08 19:23:36,neutral,98.16110156046133
2025-02-08 19:23:36,happy,99.78449939396974
2025-02-08 19:23:36,neutral,99.46218735430391
2025-02-08 19:23:37,happy,99.95416998590052
2025-02-08 19:23:37,neutral,98.66325259208679
2025-02-08 19:23:37,happy,99.64156150817871
2025-02-08 19:23:37,neutral,99.49626922607422
2025-02-08 19:23:39,happy,99.35492873191833
2025-02-08 19:23:39,neutral,98.65371576867794
2025-02-08 19:23:39,happy,99.58745837211609
2025-02-08 19:23:39,neutral,97.64278502974332
2025-02-08 19:23:39,happy,98.96625870265119
2025-02-08 19:23:40,neutral,99.326092004776
2025-02-08 19:23:40,happy,99.12652373313904
2025-02-08 19:23:40,neutral,99.39606782174515
2025-02-08 19:23:40,happy,98.67603174901198
2025-02-08 19:23:40,neutral,97.25393685651578
2025-02-08 19:23:43,sad,82.8449010848999
2025-02-08 19:23:44,neutral,99.36349391937256
2025-02-08 19:23:44,sad,74.3494972198902
2025-02-08 19:23:44,neutral,98.87441986050725
2025-02-08 19:23:47,sad,79.5246923536429
2025-02-08 19:23:47,neutral,93.87673139572144
2025-02-08 19:23:48,sad,96.00592851638794
2025-02-08 19:23:48,neutral,98.39567561201147
2025-02-08 19:23:49,sad,96.05461931554194
2025-02-08 19:23:49,neutral,99.36164617538452
2025-02-08 19:23:49,sad,98.98862826688627
2025-02-08 19:23:49,neutral,99.26506876945496
2025-02-08 19:23:49,sad,97.67256379127502
2025-02-08 19:23:50,neutral,99.16486740112305
2025-02-08 19:23:50,sad,60.37507417053426
2025-02-08 19:23:51,neutral,98.8740861415863
2025-02-08 19:23:51,sad,87.15145587921143
2025-02-08 19:23:51,neutral,99.0667998790741
2025-02-08 19:23:51,sad,91.96665239135339
2025-02-08 19:23:51,neutral,98.85831468452899
2025-02-08 19:23:52,sad,89.47064280509949
2025-02-08 19:23:52,neutral,99.06982790591384
2025-02-08 19:23:52,sad,82.36977668168822
2025-02-08 19:23:52,neutral,99.24232959747314
2025-02-08 19:23:52,sad,76.59085849469056
2025-02-08 19:23:52,neutral,97.73978590965271
2025-02-08 19:23:53,sad,62.63927221298218
2025-02-08 19:23:53,neutral,98.62464666366577
2025-02-08 19:23:53,sad,96.05600237846375
2025-02-08 19:23:53,neutral,99.04404276871936
2025-02-08 19:23:53,sad,60.122040517451794
2025-02-08 19:23:54,neutral,98.73569011688232
2025-02-08 19:23:54,sad,70.26811000488877
2025-02-08 19:23:54,neutral,99.25090670585632
2025-02-08 19:23:54,sad,81.85895681381226
2025-02-08 19:23:54,neutral,99.187171459198
2025-02-08 19:23:55,sad,82.60458500439942
2025-02-08 19:23:55,neutral,67.88705800617433
2025-02-08 19:23:55,sad,64.6315532483522
2025-02-08 19:23:56,neutral,96.90147042274475
2025-02-08 19:23:57,sad,95.23935317993164
2025-02-08 19:23:57,neutral,99.1185964204554
2025-02-08 19:23:58,sad,86.03178858757019
2025-02-08 19:23:59,neutral,99.4360625743866
2025-02-08 19:24:01,sad,78.10404561709814
2025-02-08 19:24:01,neutral,98.96999597549438
2025-02-08 19:24:04,sad,91.53092503547668
2025-02-08 19:24:04,neutral,99.46489930152893
2025-02-08 19:24:06,sad,68.19826364517212
2025-02-08 19:24:06,neutral,99.50154423713684
2025-02-08 19:24:06,sad,82.32715129852295
2025-02-08 19:24:06,neutral,99.49280023574829
2025-02-08 19:24:19,sad,91.28981128809586
2025-02-08 19:24:19,neutral,98.9038348197937
2025-02-08 19:24:19,sad,87.37180233001709
2025-02-08 19:24:19,neutral,96.89671397209167
2025-02-08 19:24:21,sad,69.760662317276
2025-02-08 19:24:21,neutral,99.0918755531311
2025-02-08 19:24:22,sad,92.7976906299591
2025-02-08 19:24:22,neutral,97.8014588356018
2025-02-08 19:24:22,sad,93.18267662421921
2025-02-08 19:24:22,neutral,97.30402263354985
2025-02-08 19:24:23,sad,60.839007992862705
2025-02-08 19:24:23,neutral,98.80658977070986
2025-02-08 19:24:23,sad,63.80966470356759
2025-02-08 19:24:23,neutral,97.85310017187
2025-02-08 19:24:29,sad,84.56228879465394
2025-02-08 19:24:29,neutral,97.31755240664198
2025-02-08 19:24:30,sad,69.88632678985596
2025-02-08 19:24:30,neutral,97.68339991569519
2025-02-08 19:24:31,sad,95.58948331004581
2025-02-08 19:24:31,neutral,99.46540587728093
2025-02-08 19:24:32,sad,84.36036109924316
2025-02-08 19:24:32,neutral,99.26198124885559
2025-02-08 19:24:34,sad,65.38767218589783
2025-02-08 19:24:34,neutral,96.58141772968558
2025-02-08 19:24:35,sad,86.07063806478013
2025-02-08 19:24:35,neutral,94.84760822682283
2025-02-08 19:24:35,sad,78.03872561916418
2025-02-08 19:24:35,neutral,98.40642213821411
2025-02-08 19:24:35,sad,82.21746577128565
2025-02-08 19:24:35,neutral,98.86810793064738
2025-02-08 19:24:35,sad,61.996251344680786
2025-02-08 19:24:36,neutral,98.54704141616821
2025-02-08 19:24:36,sad,60.891252756118774
2025-02-08 19:24:36,neutral,99.12234544754028
2025-02-08 19:24:37,sad,72.95395731925964
2025-02-08 19:24:37,neutral,91.7909676904063
2025-02-08 19:24:39,sad,69.35853131311758
2025-02-08 19:24:39,neutral,97.81827926635742
2025-02-08 19:24:40,sad,66.47196808290292
2025-02-08 19:24:41,neutral,93.9959168434143
2025-02-08 19:24:42,sad,90.71888327598572
2025-02-08 19:24:42,neutral,99.27913542265507
2025-02-08 19:24:43,sad,80.6128203868866
2025-02-08 19:24:43,neutral,99.49880838394165
2025-02-08 19:24:46,sad,92.51045540037485
2025-02-08 19:24:46,neutral,95.08967995643616
2025-02-08 19:24:48,sad,83.94820285460915
2025-02-08 19:24:48,neutral,97.59351015090942
2025-02-08 19:24:48,sad,68.86958294329541
2025-02-08 19:24:48,neutral,98.22085499763489
2025-02-08 19:24:48,sad,90.76534454615978
2025-02-08 19:24:48,neutral,99.47410815645553
2025-02-08 19:24:48,sad,93.67629289627075
2025-02-08 19:24:48,neutral,97.50016331672668
2025-02-08 19:24:49,sad,72.62024283409119
2025-02-08 19:24:49,neutral,97.73110747337341
2025-02-08 19:24:49,sad,87.71855161896656
2025-02-08 19:24:50,neutral,98.01470637321472
2025-02-08 19:24:50,sad,72.30314612388611
2025-02-08 19:24:50,neutral,99.27249546483132
2025-02-08 19:24:50,sad,70.8208680152893
2025-02-08 19:24:50,neutral,98.0256199836731
2025-02-08 19:24:50,sad,65.18818140029907
2025-02-08 19:24:50,neutral,94.77906823158264
2025-02-08 19:24:51,sad,69.70931887626648
2025-02-08 19:24:51,neutral,97.58592219184902
2025-02-08 19:24:51,sad,74.87978189467084
2025-02-08 19:24:51,neutral,96.87102995765567
2025-02-08 19:24:52,sad,76.74365501067966
2025-02-08 19:24:52,neutral,99.03102517127991
2025-02-08 19:24:53,sad,67.36111640930176
2025-02-08 19:24:53,neutral,80.57810664176941
2025-02-08 19:24:56,sad,68.41435432434082
2025-02-08 19:24:56,neutral,99.07264709472656
2025-02-08 19:24:57,sad,68.57098937034607
2025-02-08 19:24:57,neutral,74.71220794770623
2025-02-08 19:24:58,sad,87.94607663797419
2025-02-08 19:24:58,neutral,62.18758596107876
2025-02-08 19:24:59,sad,73.52036675932209
2025-02-08 19:24:59,neutral,98.45986384631826
2025-02-08 19:24:59,sad,66.36897325515747
2025-02-08 19:25:00,neutral,77.1610902047807
2025-02-08 19:25:02,sad,61.69265965310816
2025-02-08 19:25:02,neutral,82.02009415386985
2025-02-08 19:25:03,sad,73.00155758857727
2025-02-08 19:25:03,neutral,98.64379755519614
2025-02-08 19:25:04,sad,76.9091010093689
2025-02-08 19:25:04,neutral,98.56056588166167
2025-02-08 19:25:04,sad,71.27629347302279
2025-02-08 19:25:04,neutral,72.88584113121033
2025-02-08 19:25:06,sad,64.25485610961914
2025-02-08 19:25:07,neutral,99.48023557662964
2025-02-08 19:25:07,sad,74.59250092506409
2025-02-08 19:25:07,neutral,99.23394918441772
2025-02-08 19:25:08,sad,84.3708336353302
2025-02-08 19:25:08,neutral,99.43463798967827
2025-02-08 19:25:12,sad,77.18326449394226
2025-02-08 19:25:12,neutral,99.3635892868042
2025-02-08 19:25:13,sad,73.28526377677917
2025-02-08 19:25:13,neutral,99.41052191382907
2025-02-08 19:25:13,sad,89.05765349016508
2025-02-08 19:25:14,neutral,97.38751680999793
2025-02-08 19:25:14,sad,89.54666790644335
2025-02-08 19:25:14,neutral,98.21040619673767
2025-02-08 19:25:14,sad,84.02053117752075
2025-02-08 19:25:14,neutral,98.92066717147827
2025-02-08 19:25:14,sad,83.67499015778245
2025-02-08 19:25:14,neutral,99.0117668516497
2025-02-08 19:25:14,sad,93.9682599287188
2025-02-08 19:25:15,neutral,98.73915314674377
2025-02-08 19:25:15,sad,64.95466054026359
2025-02-08 19:25:15,neutral,98.90431159164379
2025-02-08 19:25:16,sad,84.27993246556133
2025-02-08 19:25:16,neutral,94.60351467132568
2025-02-08 19:25:17,sad,96.6798484325409
2025-02-08 19:25:17,neutral,99.12628526248248
2025-02-08 19:25:17,sad,84.35128833957245
2025-02-08 19:25:17,neutral,98.68384576150997
2025-02-08 19:25:17,sad,93.44034273143497
2025-02-08 19:25:17,neutral,98.25915683860522
2025-02-08 19:25:18,sad,80.04289746540174
2025-02-08 19:25:18,neutral,99.10658001899719
2025-02-08 19:25:19,sad,92.21864342689514
2025-02-08 19:25:19,neutral,99.4718849344185
2025-02-08 19:25:19,sad,84.2021644115448
2025-02-08 19:25:19,neutral,99.09421812364839
2025-02-08 19:25:21,sad,85.99668145179749
2025-02-08 19:25:21,neutral,79.84759091422504
2025-02-08 19:25:23,sad,74.91186261177063
2025-02-08 19:25:23,neutral,64.84834551811218
2025-02-08 19:25:23,sad,82.23075058826811
2025-02-08 19:25:23,neutral,69.38232779502869
2025-02-08 19:25:23,sad,74.64625239372253
2025-02-08 19:25:23,neutral,98.77986907958984
2025-02-08 19:25:23,sad,91.10877023830768
2025-02-08 19:25:23,neutral,98.03624772593406
2025-02-08 19:25:24,sad,88.35915923118591
2025-02-08 19:25:24,neutral,96.22997045516968
2025-02-08 19:25:24,sad,92.96331959744212
2025-02-08 19:25:24,neutral,93.30788850784302
2025-02-08 19:25:25,sad,62.57178783416748
2025-02-08 19:25:25,neutral,99.3932544461792
2025-02-08 19:25:26,sad,67.71467328071594
2025-02-08 19:25:26,neutral,99.61473946395643
2025-02-08 19:25:28,sad,62.435466051101685
2025-02-08 19:25:28,neutral,98.85204434394836
2025-02-08 19:25:28,sad,94.43177580833435
2025-02-08 19:25:29,neutral,99.23523077544799
2025-02-08 19:25:29,sad,77.29295166814903
2025-02-08 19:25:29,neutral,97.97462249104709
2025-02-08 19:25:29,sad,89.74980054794553
2025-02-08 19:25:29,neutral,96.11021233918814
2025-02-08 19:25:30,sad,75.20531115468607
2025-02-08 19:25:30,neutral,66.15838601093125
2025-02-08 19:25:31,sad,94.57113710469825
2025-02-08 19:25:32,neutral,98.63554851585049
2025-02-08 19:25:32,sad,72.2970724105835
2025-02-08 19:25:32,neutral,95.09699999129772
2025-02-08 19:25:32,sad,95.14067769050598
2025-02-08 19:25:32,neutral,86.69955730438232
2025-02-08 19:25:32,sad,76.36001706123352
2025-02-08 19:25:33,neutral,63.948261737823486
2025-02-08 19:25:33,sad,69.31102275848389
2025-02-08 19:25:33,neutral,86.63000464439392
2025-02-08 19:25:33,sad,91.40692353248596
2025-02-08 19:25:34,neutral,86.9136393070221
2025-02-08 19:25:34,sad,81.52758965060649
2025-02-08 19:25:34,neutral,93.19080114364624
2025-02-08 19:25:35,sad,77.19302041489007
2025-02-08 19:25:35,neutral,60.88955998420715
2025-02-08 19:25:38,sad,66.02808237075806
2025-02-08 19:25:38,neutral,75.29698610305786
2025-02-08 19:25:38,sad,66.46957197604013
2025-02-08 19:25:39,neutral,80.78718185424805
2025-02-08 19:25:41,sad,97.87036776542664
2025-02-08 19:25:42,neutral,95.1261579990387
2025-02-08 19:25:42,sad,99.45233460976688
2025-02-08 19:25:42,neutral,93.71363483152597
2025-02-08 19:25:42,sad,99.340742787167
2025-02-08 19:25:43,neutral,89.56488966941833
2025-02-08 19:25:43,sad,67.78435515072078
2025-02-08 19:25:43,neutral,81.01510631858035
2025-02-08 19:25:43,sad,95.61560153961182
2025-02-08 19:25:43,neutral,90.12413142631871
2025-02-08 19:25:44,sad,92.89417224491669
2025-02-08 19:25:44,neutral,94.82294917106628
2025-02-08 19:25:45,sad,98.36923470313756
2025-02-08 19:25:45,neutral,93.7620051190847
2025-02-08 19:25:45,sad,92.64507977425102
2025-02-08 19:25:45,neutral,89.00474309921265
2025-02-08 19:25:45,sad,99.60086345672607
2025-02-08 19:25:45,neutral,93.818199634552
2025-02-08 19:25:46,sad,96.0096056472785
2025-02-08 19:25:46,neutral,92.11035370826721
2025-02-08 19:25:46,sad,96.4909553527832
2025-02-08 19:25:46,neutral,86.86697483062744
2025-02-08 19:25:46,sad,94.26990151405334
2025-02-08 19:25:46,neutral,95.10920643806458
2025-02-08 19:25:46,sad,94.28961804981446
2025-02-08 19:25:46,neutral,92.5684686045926
2025-02-08 19:25:46,sad,92.62352673726956
2025-02-08 19:25:46,neutral,95.9080457687378
2025-02-08 19:25:46,sad,90.81737995147705
2025-02-08 19:25:47,neutral,91.95303821003893
2025-02-08 19:25:47,sad,85.14190316200256
2025-02-08 19:25:47,neutral,90.49751162528992
2025-02-08 19:25:47,sad,99.33155179023743
2025-02-08 19:25:48,neutral,91.42476320266724
2025-02-08 19:25:48,sad,95.55648618263172
2025-02-08 19:25:48,neutral,94.57138712065067
2025-02-08 19:25:48,sad,97.93877626195237
2025-02-08 19:25:48,neutral,84.46952885752572
2025-02-08 19:25:49,sad,98.4625874117121
2025-02-08 19:25:49,neutral,91.4539108927356
2025-02-08 19:25:49,sad,85.44355630874634
2025-02-08 19:25:50,neutral,95.06854981592595
2025-02-08 19:25:50,sad,98.6304759979248
2025-02-08 19:25:50,neutral,96.63583636283875
2025-02-08 19:25:50,sad,91.89428091049194
2025-02-08 19:25:50,neutral,92.53476858139038
2025-02-08 19:25:51,sad,85.97285747528076
2025-02-08 19:25:51,neutral,95.05710660730522
2025-02-08 19:25:51,sad,83.38494300842285
2025-02-08 19:25:51,neutral,94.42474246025085
2025-02-08 19:25:51,sad,82.74555103454298
2025-02-08 19:25:51,neutral,96.23885795606876
2025-02-08 19:25:52,sad,98.317921362171
2025-02-08 19:25:52,neutral,95.90098857879639
2025-02-08 19:25:52,sad,99.51142665811936
2025-02-08 19:25:52,neutral,97.32611775398254
2025-02-08 19:25:52,sad,96.70317769050598
2025-02-08 19:25:52,neutral,96.9993531703949
2025-02-08 19:25:53,sad,74.59060549736023
2025-02-08 19:25:53,neutral,97.35506772994995
2025-02-08 19:25:53,sad,70.5930394287729
2025-02-08 19:25:53,neutral,94.75200238800021
2025-02-08 19:25:54,sad,97.03779202924919
2025-02-08 19:25:54,neutral,95.20080657010118
2025-02-08 19:25:54,sad,77.5976300239563
2025-02-08 19:25:54,neutral,94.01842951774597
2025-02-08 19:25:54,sad,96.93462252616882
2025-02-08 19:25:54,neutral,96.90091013908386
2025-02-08 19:25:55,sad,91.57807776797281
2025-02-08 19:25:55,neutral,96.65502945720799
2025-02-08 19:25:55,sad,94.5717281613674
2025-02-08 19:25:55,neutral,94.9516770214842
2025-02-08 19:25:55,sad,99.23088550567627
2025-02-08 19:25:56,neutral,94.53296065330505
2025-02-08 19:25:56,sad,78.01518178167126
2025-02-08 19:25:56,neutral,93.22270114557153
2025-02-08 19:25:56,sad,90.72125664696019
2025-02-08 19:25:56,neutral,95.15649022537353
2025-02-08 19:25:58,sad,97.02491707055277
2025-02-08 19:25:58,neutral,95.91134166189084
2025-02-08 19:26:00,sad,84.45458597486186
2025-02-08 19:26:00,neutral,95.52960342521709
2025-02-08 19:26:02,sad,86.66118303902049
2025-02-08 19:26:02,neutral,98.9353954157469
2025-02-08 19:26:02,sad,78.74987125396729
2025-02-08 19:26:03,neutral,97.42653965950012
2025-02-08 19:26:06,sad,82.42926597595215
2025-02-08 19:26:06,neutral,96.02240920066833
2025-02-08 19:26:09,sad,88.95425134624548
2025-02-08 19:26:09,neutral,99.15477643552107
2025-02-08 19:26:11,sad,95.41605114936829
2025-02-08 19:26:11,neutral,98.446124792099
2025-02-08 19:26:12,sad,93.18042356851241
2025-02-08 19:26:12,neutral,98.78584146499634
2025-02-08 19:26:15,sad,80.10563850402832
2025-02-08 19:26:15,neutral,96.09805322277863
2025-02-08 19:26:15,sad,89.62659239768982
2025-02-08 19:26:15,neutral,96.77901864051819
2025-02-08 19:26:16,sad,94.10568475723267
2025-02-08 19:26:17,neutral,98.38322401046753
2025-02-08 19:26:17,sad,98.70758048937205
2025-02-08 19:26:17,neutral,98.77541057916943
2025-02-08 19:26:18,sad,98.93865597979355
2025-02-08 19:26:18,neutral,97.26637585558747
2025-02-08 19:26:19,sad,96.38823313853345
2025-02-08 19:26:19,neutral,98.39357156830172
2025-02-08 19:26:19,sad,87.23537249775961
2025-02-08 19:26:19,neutral,99.34281714644227
2025-02-08 19:26:20,sad,89.81227814032304
2025-02-08 19:26:20,neutral,60.9704852104187
2025-02-08 19:26:21,sad,85.29219031333923
2025-02-08 19:26:21,neutral,89.04906511306763
2025-02-08 19:26:21,sad,71.23390436172485
2025-02-08 19:26:22,neutral,96.45460844039917
2025-02-08 19:26:22,sad,94.39727067947388
2025-02-08 19:26:22,neutral,98.13243769020585
2025-02-08 19:26:24,sad,64.84529552999682
2025-02-08 19:26:24,neutral,96.29104181634881
2025-02-08 19:26:24,sad,73.85174632072449
2025-02-08 19:26:24,neutral,94.61677606305791
2025-02-08 19:26:24,sad,76.11139105422603
2025-02-08 19:26:25,neutral,99.1940975189209
2025-02-08 19:26:25,sad,85.46650582951237
2025-02-08 19:26:25,neutral,99.49089884757996
2025-02-08 19:26:25,sad,93.82155537605286
2025-02-08 19:26:25,neutral,99.5995283126831
2025-02-08 19:26:27,sad,86.45288186703704
2025-02-08 19:26:27,neutral,99.31873083114624
2025-02-08 19:26:27,sad,87.09767460823059
2025-02-08 19:26:27,neutral,99.13166771749643
2025-02-08 19:26:28,sad,77.47986912727356
2025-02-08 19:26:28,neutral,98.54563465986459
2025-02-08 19:26:28,sad,92.74561405181885
2025-02-08 19:26:28,neutral,99.02288311856289
2025-02-08 19:26:28,sad,91.72978401184082
2025-02-08 19:26:28,neutral,98.09371851757544
2025-02-08 19:26:33,surprise,92.68471598625183
2025-02-08 19:26:35,neutral,99.32035207748413
2025-02-08 19:26:35,surprise,93.95952820777893
2025-02-08 19:26:35,neutral,99.20217990875244
2025-02-08 19:26:35,surprise,94.19767260551453
2025-02-08 19:26:35,neutral,98.54272603988647
2025-02-08 19:26:36,surprise,67.5832986831665
2025-02-08 19:26:36,neutral,63.56809735298157
2025-02-08 19:26:37,surprise,82.95459151268005
2025-02-08 19:26:41,angry,70.26257933751222
2025-02-08 19:26:41,surprise,96.06343554694229
2025-02-08 19:26:43,angry,95.31812043894055
2025-02-08 19:26:43,surprise,70.91152667999268
2025-02-08 19:26:43,angry,68.24501563578937
2025-02-08 19:26:43,neutral,78.95420068229441
2025-02-08 19:26:44,angry,75.39899349212646
2025-02-08 19:26:44,neutral,94.64235241917997
2025-02-08 19:26:44,angry,94.08276151624185
2025-02-08 19:26:44,neutral,87.40979954062698
2025-02-08 19:26:45,angry,65.02053737640381
2025-02-08 19:26:45,neutral,90.85177128623553
2025-02-08 19:26:45,angry,62.3778686072983
2025-02-08 19:26:45,neutral,89.7106283730643
2025-02-08 19:26:46,angry,68.1844987649323
2025-02-08 19:26:46,neutral,79.65365526995988
2025-02-08 19:26:46,surprise,93.15670132637024
2025-02-08 19:26:46,neutral,88.83303999900818
2025-02-08 19:26:47,surprise,73.17187030147733
2025-02-08 19:26:47,neutral,84.01536345481873
2025-02-08 19:26:48,surprise,80.69250583648682
2025-02-08 19:26:48,neutral,70.75557112693787
2025-02-08 19:26:48,surprise,80.1404595375061
2025-02-08 19:26:48,neutral,62.223611010528266
2025-02-08 19:26:48,angry,96.8502996474683
2025-02-08 19:26:48,neutral,93.44577193260193
2025-02-08 19:26:49,angry,94.40939989145994
2025-02-08 19:26:49,neutral,99.3836820860288
2025-02-08 19:26:50,angry,76.26320719718933
2025-02-08 19:26:51,neutral,98.6189665056507
2025-02-08 19:26:58,surprise,96.10884739266007
2025-02-08 19:26:58,neutral,99.84326361675642
2025-02-08 19:26:58,surprise,90.90836589982307
2025-02-08 19:26:58,neutral,99.72713592921068
2025-02-08 19:26:59,surprise,97.4153220653534
2025-02-08 19:26:59,neutral,99.56681723199097
2025-02-08 19:27:00,surprise,99.5336354334789
2025-02-08 19:27:00,neutral,75.76186512481362
2025-02-08 19:27:04,angry,60.622137784957886
2025-02-08 19:27:04,neutral,99.44636818446924
2025-02-08 19:27:10,surprise,61.070841550827026
2025-02-08 19:27:10,neutral,70.50614953041077
2025-02-08 19:27:26,sad,62.07970380783081
2025-02-08 19:27:26,neutral,98.8480804977513
2025-02-08 19:27:28,surprise,94.60991685272255
2025-02-08 19:27:28,neutral,99.22939538955688
2025-02-08 19:27:28,surprise,84.64750051498413
2025-02-08 19:27:29,neutral,99.34850335121155
2025-02-08 19:27:29,surprise,94.56312656402588
2025-02-08 19:27:29,neutral,83.0495297908783
2025-02-08 19:27:29,surprise,93.07456612586975
2025-02-08 19:27:30,neutral,68.33026816429306
2025-02-08 19:27:30,surprise,62.018416048193934
2025-02-08 19:27:30,neutral,62.525540590286255
2025-02-08 19:27:31,surprise,72.60724902153015
2025-02-08 19:27:31,happy,89.62117433547974
2025-02-08 19:27:31,neutral,85.63672304153442
2025-02-08 19:27:38,angry,76.40735821811654
2025-02-08 19:27:39,neutral,67.64058856480258
2025-02-08 19:27:40,angry,68.26171875
2025-02-08 19:27:40,neutral,92.04297661781311
2025-02-08 19:27:41,happy,71.80181741714478
2025-02-08 19:27:42,neutral,87.52320408821106
2025-02-08 19:27:42,surprise,60.63669197121954
2025-02-08 19:27:42,neutral,94.81408596038818
2025-02-08 19:27:42,surprise,83.5406243801117
2025-02-08 19:27:42,neutral,70.67200541496277
2025-02-08 19:27:43,surprise,60.31338572502136
2025-02-08 19:27:43,neutral,85.32713651657104
2025-02-08 19:27:45,angry,98.96960258483887
2025-02-08 19:27:45,neutral,85.69507769404916
2025-02-08 19:27:45,surprise,82.22367657564143
2025-02-08 19:27:45,neutral,68.56648104590404
2025-02-08 19:27:47,surprise,69.58174938938015
2025-02-08 19:27:47,neutral,60.36242606415904
2025-02-08 19:27:49,surprise,95.92333411713446
2025-02-08 19:27:49,angry,76.14168524742126
2025-02-08 19:27:49,neutral,62.74336950441417
2025-02-08 19:27:51,disgust,96.67524655762274
2025-02-08 19:27:51,neutral,75.49835893501991
2025-02-08 19:27:52,happy,84.9474847316742
2025-02-08 19:27:52,neutral,61.833886017434956
2025-02-08 19:27:52,happy,64.56072926521301
2025-02-08 19:27:52,neutral,82.78019428253174
2025-02-08 19:27:55,surprise,65.61476588249207
2025-02-08 19:27:55,neutral,93.94886565818004
2025-02-08 19:28:01,happy,72.00288772583008
2025-02-08 19:28:02,neutral,94.89360451698303
2025-02-08 19:28:04,angry,71.9941940300696
2025-02-08 19:28:04,neutral,95.82907607208776
2025-02-08 19:28:05,angry,72.28316995106101
2025-02-08 19:28:05,neutral,68.1996145010454
2025-02-08 19:28:05,angry,69.82119679450989
2025-02-08 19:28:05,neutral,69.8468721095476
2025-02-08 19:28:09,angry,86.40971183776855
2025-02-08 19:28:09,neutral,95.38711254443079
2025-02-08 19:28:15,happy,99.84719752354607
2025-02-08 19:28:15,neutral,73.20746183395386
2025-02-08 19:28:17,angry,68.22095323925932
2025-02-08 19:28:17,neutral,88.7929379940033
2025-02-08 19:28:27,sad,66.51500263899581
2025-02-08 19:28:28,happy,89.87396955490112
2025-02-08 19:28:28,neutral,65.39836525917053
2025-02-08 19:28:29,sad,78.2836045880789
2025-02-08 19:28:29,neutral,67.1628972486135
2025-02-08 19:28:30,sad,62.77177111934251
2025-02-08 19:28:30,neutral,73.02985787391663
2025-02-08 19:28:31,angry,91.26884885244661
2025-02-08 19:28:31,neutral,74.49970841407776
2025-02-08 19:28:31,angry,64.50753808021545
2025-02-08 19:28:32,surprise,93.15211854551809
2025-02-08 19:28:33,neutral,86.18989155413013
2025-02-08 19:28:34,surprise,92.34732894269573
2025-02-08 19:28:36,neutral,97.1259355545044
2025-02-08 19:28:37,sad,63.72198246252432
2025-02-08 19:28:37,neutral,68.6865746974945
2025-02-08 19:28:39,sad,72.94217074606767
2025-02-08 19:28:39,neutral,85.75290441513062
2025-02-08 19:28:42,angry,92.76607632637024
2025-02-08 19:28:42,neutral,61.492204666137695
2025-02-08 19:28:43,angry,79.68785762786865
2025-02-08 19:28:43,neutral,96.89740575582913
2025-02-08 19:28:46,angry,68.38895082473755
2025-02-08 19:28:46,neutral,93.18137764930725
2025-02-08 19:28:46,angry,95.41530013084412
2025-02-08 19:28:46,neutral,96.88634909554135
2025-02-08 19:28:47,angry,98.71741533279419
2025-02-08 19:28:47,neutral,96.24804258346558
2025-02-08 19:28:48,angry,61.48758393674088
2025-02-08 19:28:48,neutral,96.79225125405178
2025-02-08 19:28:49,angry,95.8319840331068
2025-02-08 19:28:49,neutral,75.35502616823031
2025-02-08 19:28:50,angry,69.51332688331604
2025-02-08 19:28:50,neutral,96.26381374977909
2025-02-08 19:28:52,sad,60.528354581790616
2025-02-08 19:28:52,neutral,96.10226154327393
2025-02-08 19:28:53,sad,71.44664355794451
2025-02-08 19:28:53,neutral,94.27091479301453
2025-02-08 19:28:57,angry,75.05073248735279
2025-02-08 19:28:58,neutral,84.65412259101868
2025-02-08 19:28:58,sad,64.63339328765869
2025-02-08 19:28:58,neutral,80.7712197303772
2025-02-08 19:28:59,sad,60.9107709473831
2025-02-08 19:29:00,neutral,81.58990144729614
2025-02-08 19:29:00,sad,61.446244889050114
2025-02-08 19:29:00,neutral,96.12486958503723
2025-02-08 19:29:08,sad,72.36816553690022
2025-02-08 19:29:08,neutral,98.70179311015688
2025-02-08 19:29:20,angry,87.34272869315997
2025-02-08 19:29:21,neutral,97.18896780145552
2025-02-08 19:29:23,angry,84.21920443887737
2025-02-08 19:29:23,neutral,96.86518888862066
2025-02-08 19:29:24,sad,88.78496885299683
2025-02-08 19:29:24,neutral,95.39422988891602
2025-02-08 19:29:26,angry,99.57296845751813
2025-02-08 19:29:26,neutral,70.32931270178037
2025-02-08 19:29:26,angry,73.55409702981096
2025-02-08 19:29:26,neutral,94.29275393486023
2025-02-08 19:29:27,angry,67.86144758922487
2025-02-08 19:29:27,neutral,96.99393492900937
2025-02-08 19:29:28,angry,95.84090163220148
2025-02-08 19:29:28,neutral,73.79160650818464
2025-02-08 19:29:32,angry,70.83389510704338
2025-02-08 19:29:33,neutral,60.87555289268494
2025-02-08 19:29:34,angry,64.7816398609662
2025-02-08 19:29:34,neutral,85.07852376443431
2025-02-08 19:29:36,sad,76.12798810005188
2025-02-08 19:29:37,neutral,98.43910327190777
2025-02-08 19:29:40,angry,97.36871719360352
2025-02-08 19:29:41,neutral,98.14044833183289
2025-02-08 19:29:41,angry,92.22332835197449
2025-02-08 19:29:41,neutral,94.61839166989277
2025-02-08 19:29:44,angry,66.46645069122314
2025-02-08 19:29:44,neutral,99.39853556173615
2025-02-08 19:29:46,happy,60.34135818481445
2025-02-08 19:29:47,neutral,76.08458114678635
2025-02-08 19:29:48,sad,82.52642050542954
2025-02-08 19:29:48,happy,73.21383357048035
2025-02-08 19:29:49,sad,66.98303228313308
2025-02-08 19:29:50,happy,97.55558967590332
2025-02-08 19:29:51,sad,77.26779444621768
2025-02-08 19:29:51,neutral,98.09753917485008
2025-02-08 19:29:55,angry,80.35536046560281
2025-02-08 19:29:55,neutral,89.95424985340236
2025-02-08 19:29:56,happy,63.84550333023071
2025-02-08 19:29:56,neutral,96.40935041960182
2025-02-08 19:29:56,happy,64.96648788452148
2025-02-08 19:29:56,neutral,97.73274050550106
2025-02-08 19:29:57,happy,88.84575963020325
2025-02-08 19:29:57,neutral,97.356670779785
2025-02-08 19:30:02,happy,65.43411612510681
2025-02-08 19:30:02,neutral,96.64885381751381
2025-02-08 19:30:04,happy,91.60249829292297
2025-02-08 19:30:04,neutral,62.10901141166687
2025-02-08 19:30:07,happy,89.59977626800537
2025-02-08 19:30:07,neutral,98.87586845447201
2025-02-08 19:30:08,happy,96.03139162063599
2025-02-08 19:30:08,neutral,71.94664812724017
2025-02-08 19:30:08,angry,74.33460354804993
2025-02-08 19:30:09,neutral,84.74647998809814
2025-02-08 19:30:10,angry,60.12129662975113
2025-02-08 19:30:10,neutral,93.0938597377455
2025-02-08 19:30:14,happy,98.25816133715645
2025-02-08 19:30:14,neutral,97.69541621208191
2025-02-08 19:30:16,happy,98.81173365186058
2025-02-08 19:30:16,neutral,71.47596478462219
2025-02-08 19:30:16,happy,91.26427121545501
2025-02-08 19:30:17,neutral,68.83715205414009
2025-02-08 19:30:17,happy,97.4955676493387
2025-02-08 19:30:18,neutral,87.74693012237549
2025-02-08 19:30:18,angry,61.0492097080696
2025-02-08 19:30:18,neutral,95.38053274154663
2025-02-08 19:30:20,happy,99.14112681991618
2025-02-08 19:30:20,neutral,99.08520579338074
2025-02-08 19:30:21,happy,73.39268922805786
2025-02-08 19:30:21,neutral,65.66558275613681
2025-02-08 19:30:22,happy,77.61346697807312
2025-02-08 19:30:22,neutral,94.94770765304565
2025-02-08 19:30:23,angry,89.64084982872009
2025-02-08 19:30:23,neutral,95.33175230026245
2025-02-08 19:30:25,happy,66.04100465774536
2025-02-08 19:30:26,neutral,98.00523519515991
2025-02-08 19:30:26,happy,99.98971223831177
2025-02-08 19:30:26,neutral,98.63148944002516
2025-02-08 19:30:27,happy,99.85640048124793
2025-02-08 19:30:27,neutral,97.38466770831731
2025-02-08 19:30:28,happy,99.99632835388184
2025-02-08 19:30:28,neutral,98.07499051094055
2025-02-08 19:30:29,happy,99.99625086762016
2025-02-08 19:30:29,neutral,97.82862689153828
2025-02-08 19:30:29,happy,90.69623462006633
2025-02-08 19:30:29,neutral,98.80588047539476
2025-02-08 19:30:30,happy,99.99431371688843
2025-02-08 19:30:30,neutral,97.63270006374717
2025-02-08 19:30:30,happy,99.99904036516192
2025-02-08 19:30:31,neutral,92.43422150611877
2025-02-08 19:30:38,happy,66.71493649482727
2025-02-08 19:30:39,angry,85.63641309738159
2025-02-08 19:30:39,neutral,73.47201704978943
2025-02-08 19:30:57,sad,70.62817215919495
2025-02-08 19:30:57,neutral,78.3821702003479
2025-02-08 19:31:00,angry,78.10002230405541
2025-02-08 19:31:01,neutral,74.07822608947754
2025-02-08 19:31:01,happy,68.91617774963379
2025-02-08 19:31:02,neutral,74.87530708312988
2025-02-08 19:31:02,happy,91.94127417310784
2025-02-08 19:31:02,neutral,84.01291871147863
2025-02-08 19:31:03,angry,84.60402076196424
2025-02-08 19:31:03,neutral,79.29956193563712
2025-02-08 19:31:04,happy,65.14913855205315
2025-02-08 19:31:05,neutral,89.45615228749229
2025-02-08 19:31:06,sad,63.80412578582764
2025-02-08 19:31:06,neutral,89.2058253288269
2025-02-08 19:31:08,surprise,61.39647134521433
2025-02-08 19:31:08,neutral,94.62836980819702
2025-02-08 19:31:10,surprise,78.70180606842041
2025-02-08 19:31:10,neutral,91.9309964097734
2025-02-08 19:31:11,happy,65.33748507499695
2025-02-08 19:31:11,neutral,99.06664479573307
2025-02-08 19:31:11,happy,78.54089396704508
2025-02-08 19:31:11,neutral,99.13634652712027
2025-02-08 19:31:12,angry,67.82230138778687
2025-02-08 19:31:12,neutral,76.95372104644775
2025-02-08 19:31:13,happy,80.89512472719697
2025-02-08 19:31:13,neutral,76.51397585868835
2025-02-08 19:31:14,happy,78.83632779121399
2025-02-08 19:31:14,neutral,62.685047067994226
2025-02-08 19:31:15,angry,73.7205982208252
2025-02-08 19:31:15,neutral,65.83739707915748
2025-02-08 19:31:18,happy,81.65713548660278
2025-02-08 19:31:18,neutral,83.55863690376282
2025-02-08 19:31:18,happy,77.68518924713135
2025-02-08 19:31:18,neutral,97.07648158073425
2025-02-08 19:31:19,angry,93.64116787910461
2025-02-08 19:31:19,neutral,69.45948004722595
2025-02-08 19:31:21,happy,94.40540141994936
2025-02-08 19:31:21,neutral,83.52319598197937
2025-02-08 19:31:22,angry,76.11140608787537
2025-02-08 19:31:22,neutral,89.59548597389627
2025-02-08 19:31:22,angry,76.68094496017366
2025-02-08 19:31:23,neutral,75.45390129089355
2025-02-08 19:31:24,surprise,68.95304918289185
2025-02-08 19:31:24,neutral,84.89559888839722
2025-02-08 19:31:43,sad,68.70164275169373
2025-02-08 19:31:43,neutral,89.5091724980864
2025-02-08 19:31:44,angry,98.67581725120544
2025-02-08 19:31:44,neutral,99.52117210374212
2025-02-08 19:31:44,angry,97.85996675491333
2025-02-08 19:31:44,neutral,81.31210692597072
2025-02-08 19:31:46,happy,99.3429779614793
2025-02-08 19:31:46,neutral,95.85398435592651
2025-02-08 19:32:56,surprise,98.55299583393311
2025-02-08 19:32:56,angry,80.50666335264822
2025-02-08 19:32:56,neutral,94.66987220465376
2025-02-08 19:33:02,sad,65.38698077201843
2025-02-08 19:33:03,angry,63.256422475363166
2025-02-08 19:33:03,sad,77.81972885131836
2025-02-08 19:33:11,angry,68.1314565978698
2025-02-08 19:33:15,sad,73.54965806007385
2025-02-08 19:33:15,neutral,99.74265097037858
2025-02-08 19:33:16,sad,97.58358626561329
2025-02-08 19:33:16,neutral,99.07026279810223
2025-02-08 19:33:16,sad,74.8849093914032
2025-02-08 19:33:16,neutral,93.74706149101257
2025-02-08 19:33:17,sad,92.07233881088032
2025-02-08 19:33:18,happy,64.91339593609547
2025-02-08 19:33:18,sad,75.29852243057027
2025-02-08 19:33:18,happy,69.79545950889587
2025-02-08 19:33:19,neutral,80.30881168298791
2025-02-08 19:33:19,sad,86.86984103142268
2025-02-08 19:33:19,surprise,74.63946644789381
2025-02-08 19:33:19,sad,80.29062747955322
2025-02-08 19:33:20,angry,86.96872151270848
2025-02-08 19:33:27,sad,60.84624528884888
2025-02-08 19:33:34,neutral,97.61772155761719
2025-02-08 19:33:34,sad,63.464635610580444
2025-02-08 19:33:46,neutral,77.59760618209839
2025-02-08 19:33:46,sad,72.69225120544434
2025-02-08 19:33:46,neutral,71.01525664329529
2025-02-08 19:33:47,sad,67.40136742591858
2025-02-08 19:33:47,neutral,89.00865912437439
2025-02-08 19:33:47,sad,63.68639036254768
2025-02-08 19:33:48,neutral,92.65391914201747
2025-02-08 19:33:49,sad,71.93150520324707
2025-02-08 19:33:49,neutral,78.16199064254761
2025-02-08 19:33:49,sad,95.75852130404242
2025-02-08 19:33:49,neutral,65.74008464813232
2025-02-08 19:33:50,sad,60.97864508628845
2025-02-08 19:33:50,neutral,67.61937141418457
2025-02-08 19:33:50,happy,96.74108008987189
2025-02-08 19:33:50,neutral,64.26153182983398
2025-02-08 19:33:51,sad,74.5229811044954
2025-02-08 19:33:51,neutral,82.38589763641357
2025-02-08 19:33:51,happy,76.58796906471252
2025-02-08 19:33:52,angry,68.30491423606873
2025-02-08 19:33:52,happy,93.62218976020813
2025-02-08 19:33:52,neutral,94.53525012311339
2025-02-08 19:33:53,angry,86.99271237937064
2025-02-08 19:33:53,neutral,67.22456812858582
2025-02-08 19:33:53,happy,68.16664934158325
2025-02-08 19:33:53,neutral,78.31342816352844
2025-02-08 19:33:54,happy,98.42783808708191
2025-02-08 19:33:54,neutral,60.77345375856481
2025-02-08 19:33:56,surprise,90.93183712932536
2025-02-08 19:33:56,neutral,92.63476729393005
2025-02-08 19:33:56,angry,65.2189314365387
2025-02-08 19:33:57,neutral,74.03499770581695
2025-02-08 19:33:57,sad,84.25692728244391
2025-02-08 19:33:57,neutral,94.74401380014666
2025-02-08 19:33:58,sad,60.025084018707275
2025-02-08 19:33:58,angry,89.52723741531372
2025-02-08 19:33:58,neutral,70.11294782834935
2025-02-08 19:33:59,sad,60.06070375442505
2025-02-08 19:33:59,neutral,63.0546510219574
2025-02-08 19:34:02,sad,68.09788942337036
2025-02-08 19:34:02,neutral,96.32093906402588
2025-02-08 19:34:02,surprise,76.38469338417053
2025-02-08 19:34:02,neutral,69.31580074837198
2025-02-08 19:34:02,surprise,98.55731129646301
2025-02-08 19:34:02,neutral,65.85064326826591
2025-02-08 19:34:03,surprise,87.68993616104126
2025-02-08 19:34:03,neutral,93.42869481019346
2025-02-08 19:34:04,surprise,86.63141647764543
2025-02-08 19:34:04,neutral,78.76657843589783
